first_name,last_name,email,contact_no,dob,salary,country,created_at,updated_at
Akshy,Akli,akshy@gm.com,9819550001,2020-10-09,30000,india,2020-10-09 12:22:25,2020-10-09 12:22:25
Bhavin,Doe,bhavin@gm.com,9819550002,2020-10-10,32000,srilanka,2020-10-09 12:22:25,2020-10-09 12:22:25
Chinu,Doe,chintu@gm.com,9819550003,2020-10-11,38000,usa,2020-10-09 12:22:25,2020-10-09 12:22:25
Dev,Kumar,dev@gm.com,9819550004,2020-10-12,30000,germany,2020-10-09 12:22:25,2020-10-09 12:24:23
Evan,Shekh,evan@gm.com,9819550005,2020-10-13,42000,india,2020-10-09 12:22:25,2020-10-09 12:22:25
Fazal,Akli,fazal@gmail.com,9819550006,2020-10-14,30000,india,2020-10-09 12:22:26,2020-10-09 12:22:26
Gopal,Doe,gopal@gmail.com,9819550007,2020-10-15,32000,srilanka,2020-10-09 12:22:27,2020-10-09 12:22:27
Harsh,Doe,harsh@gmail.com,9819550008,2020-10-16,38000,usa,2020-10-09 12:22:28,2020-10-09 12:22:28
Ishan,Kumar,ishan@gmail.com,9819550009,2020-10-17,30000,germany,2020-10-09 12:22:29,2020-10-09 12:22:29
Jagdesh,Shekh,jagdesh@gmail.com,9819550010,2020-10-18,42000,india,2020-10-09 12:22:30,2020-10-09 12:22:30
Kamlesh,Akli,kamlesh@gmail.com,9819550011,2020-10-19,30000,india,2020-10-09 12:22:31,2020-10-09 12:22:31
Lemo,Doe,lemo@gmail.com,9819550012,2020-10-20,32000,srilanka,2020-10-09 12:22:32,2020-10-09 12:22:32
Mohit,Doe,mohit@gmail.com,9819550013,2020-10-21,38000,usa,2020-10-09 12:22:33,2020-10-09 12:22:33
Nayan,Kumar,nayan@gmail.com,9819550014,2020-10-22,30000,germany,2020-10-09 12:22:34,2020-10-09 12:22:34
Oman,Shekh,oman@gmail.com,9819550015,2020-10-23,42000,india,2020-10-09 12:22:35,2020-10-09 12:22:35
Pankaj,Akli,pankaj@gmail.com,9819550016,2020-10-24,30000,india,2020-10-09 12:22:36,2020-10-09 12:22:36
Quizzy,Doe,quizzy@gmail.com,9819550017,2020-10-25,32000,srilanka,2020-10-09 12:22:37,2020-10-09 12:22:37
Ramesh,Doe,ramesh@gmail.com,9819550018,2020-10-26,38000,usa,2020-10-09 12:22:38,2020-10-09 12:22:38
Suresh,Kumar,suresh@gmail.com,9819550019,2020-10-27,30000,germany,2020-10-09 12:22:39,2020-10-09 12:22:39
Tejas,Shekh,tejas@gmail.com,9819550020,2020-10-28,42000,india,2020-10-09 12:22:40,2020-10-09 12:22:40
